{
    "MM_Dist": 8.309072494506836,
    "MM_Dist_gt": 2.997413396835327,
    "R_precision_top_1": 0.0946180522441864,
    "R_precision_top_2": 0.1636284738779068,
    "R_precision_top_3": 0.2254774272441864,
    "R_precision_top_1_gt": 0.5056423544883728,
    "R_precision_top_2_gt": 0.7013888955116272,
    "R_precision_top_3_gt": 0.7960069179534912,
    "FID": 40.19421977408989,
    "SRA": 1.1935763359069824,
    "SRA_3": 3.0598957538604736,
    "SRA_5": 4.926215171813965,
    "skate_ratio": 0.6500979344729338,
    "Diversity": 5.286543846130371,
    "Diversity_gt": 9.668928146362305
}