{
    "MM_Dist": 8.317296028137207,
    "MM_Dist_gt": 2.997413396835327,
    "R_precision_top_1": 0.0980902761220932,
    "R_precision_top_2": 0.1671006977558136,
    "R_precision_top_3": 0.2326388955116272,
    "R_precision_top_1_gt": 0.5056423544883728,
    "R_precision_top_2_gt": 0.7013888955116272,
    "R_precision_top_3_gt": 0.7960069179534912,
    "FID": 40.72270388472955,
    "SRA": 1.1935763359069824,
    "SRA_3": 3.0164928436279297,
    "SRA_5": 4.8177080154418945,
    "skate_ratio": 0.6564525462962958,
    "Diversity": 5.18782901763916,
    "Diversity_gt": 9.668928146362305
}