{
    "MM_Dist": 8.282657623291016,
    "MM_Dist_gt": 2.997413396835327,
    "R_precision_top_1": 0.091796875,
    "R_precision_top_2": 0.1640625,
    "R_precision_top_3": 0.2274305522441864,
    "R_precision_top_1_gt": 0.5056423544883728,
    "R_precision_top_2_gt": 0.7013888955116272,
    "R_precision_top_3_gt": 0.7960069179534912,
    "FID": 39.37754100953434,
    "SRA": 1.1935763359069824,
    "SRA_3": 3.125,
    "SRA_5": 5.078125,
    "skate_ratio": 0.6403912927350421,
    "Diversity": 5.2722649574279785,
    "Diversity_gt": 9.668928146362305
}