{
    "MM_Dist": 8.299935340881348,
    "MM_Dist_gt": 2.997413396835327,
    "R_precision_top_1": 0.0983072891831398,
    "R_precision_top_2": 0.1651475727558136,
    "R_precision_top_3": 0.2274305522441864,
    "R_precision_top_1_gt": 0.5056423544883728,
    "R_precision_top_2_gt": 0.7013888955116272,
    "R_precision_top_3_gt": 0.7960069179534912,
    "FID": 40.06281792723949,
    "SRA": 1.1935763359069824,
    "SRA_3": 3.125,
    "SRA_5": 5.056423187255859,
    "skate_ratio": 0.648032407407407,
    "Diversity": 5.314605236053467,
    "Diversity_gt": 9.668928146362305
}