{
    "MM_Dist": 8.244993209838867,
    "MM_Dist_gt": 2.983140707015991,
    "R_precision_top_1": 0.0983072891831398,
    "R_precision_top_2": 0.1714409738779068,
    "R_precision_top_3": 0.2322048544883728,
    "R_precision_top_1_gt": 0.5173611044883728,
    "R_precision_top_2_gt": 0.7020399570465088,
    "R_precision_top_3_gt": 0.7983940839767456,
    "FID": 40.93079445037555,
    "SRA": 0.6944444179534912,
    "SRA_3": 2.4088540077209473,
    "SRA_5": 4.405381679534912,
    "skate_ratio": 0.6186142272079767,
    "Diversity": 5.249018669128418,
    "Diversity_gt": 10.306991577148438
}