run,Matching_score,gt_Matching_score,R_precision_top_1,R_precision_top_2,R_precision_top_3,gt_R_precision_top_1,gt_R_precision_top_2,gt_R_precision_top_3,FID,SRA,SRA_3,SRA_5,skate_ratio,Inference_time,Diversity,gt_Diversity
loss/0,3.6005375385284424,3.2416672706604004,0.42500001192092896,0.6112068891525269,0.720474123954773,0.4665948152542114,0.6642241477966309,0.7676724195480347,1.5945397552820282,5.409482955932617,13.706896781921387,19.827587127685547,0.11480963895549316,9.162773257288439,8.461918,7.2455573
loss/0,4.824338912963867,3.2416672706604004,0.29612070322036743,0.4530172348022461,0.5491379499435425,0.4665948152542114,0.6642241477966309,0.7676724195480347,5.745832387372204,6.530172348022461,16.185344696044922,22.564655303955078,0.15513178882628356,9.533129320473506,7.6780396,7.2455573
